Item,Price,Date,Type of food 
Bananas,0.595,2014-01-01,Fruits
Bananas,0.583,2015-01-01,Fruits
Bananas,0.581,2016-01-01,Fruits
Bananas,0.573,2017-01-01,Fruits
Bananas,0.568,2018-01-01,Fruits
Bananas,0.576,2019-01-01,Fruits
Bananas,0.57,2020-01-01,Fruits
Bananas,0.597,2021-01-01,Fruits
Bananas,0.63,2022-01-01,Fruits
Bananas,0.639,2023-01-01,Fruits
Bananas,0.617,2024-01-01,Fruits
Bananas,0.599,2014-02-01,Fruits
Bananas,0.591,2015-02-01,Fruits
Bananas,0.573,2016-02-01,Fruits
Bananas,0.573,2017-02-01,Fruits
Bananas,0.574,2018-02-01,Fruits
Bananas,0.571,2019-02-01,Fruits
Bananas,0.574,2020-02-01,Fruits
Bananas,0.59,2021-02-01,Fruits
Bananas,0.628,2022-02-01,Fruits
Bananas,0.641,2023-02-01,Fruits
Bananas,0.625,2024-02-01,Fruits
Bananas,0.597,2014-03-01,Fruits
Bananas,0.593,2015-03-01,Fruits
Bananas,0.586,2016-03-01,Fruits
Bananas,0.571,2017-03-01,Fruits
Bananas,0.582,2018-03-01,Fruits
Bananas,0.581,2019-03-01,Fruits
Bananas,0.576,2020-03-01,Fruits
Bananas,0.594,2021-03-01,Fruits
Bananas,0.642,2022-03-01,Fruits
Bananas,0.632,2023-03-01,Fruits
Bananas,0.629,2024-03-01,Fruits
Bananas,0.597,2014-04-01,Fruits
Bananas,0.597,2015-04-01,Fruits
Bananas,0.574,2016-04-01,Fruits
Bananas,0.571,2017-04-01,Fruits
Bananas,0.578,2018-04-01,Fruits
Bananas,0.567,2019-04-01,Fruits
Bananas,0.581,2020-04-01,Fruits
Bananas,0.604,2021-04-01,Fruits
Bananas,0.637,2022-04-01,Fruits
Bananas,0.635,2023-04-01,Fruits
Bananas,0.626,2024-04-01,Fruits
Bananas,0.603,2014-05-01,Fruits
Bananas,0.582,2015-05-01,Fruits
Bananas,0.57,2016-05-01,Fruits
Bananas,0.564,2017-05-01,Fruits
Bananas,0.575,2018-05-01,Fruits
Bananas,0.579,2019-05-01,Fruits
Bananas,0.589,2020-05-01,Fruits
Bananas,0.6,2021-05-01,Fruits
Bananas,0.642,2022-05-01,Fruits
Bananas,0.628,2023-05-01,Fruits
Bananas,0.622,2024-05-01,Fruits
Bananas,0.607,2014-06-01,Fruits
Bananas,0.574,2015-06-01,Fruits
Bananas,0.569,2016-06-01,Fruits
Bananas,0.572,2017-06-01,Fruits
Bananas,0.575,2018-06-01,Fruits
Bananas,0.574,2019-06-01,Fruits
Bananas,0.588,2020-06-01,Fruits
Bananas,0.595,2021-06-01,Fruits
Bananas,0.64,2022-06-01,Fruits
Bananas,0.625,2023-06-01,Fruits
Bananas,0.625,2024-06-01,Fruits
Bananas,0.606,2014-07-01,Fruits
Bananas,0.581,2015-07-01,Fruits
Bananas,0.567,2016-07-01,Fruits
Bananas,0.565,2017-07-01,Fruits
Bananas,0.575,2018-07-01,Fruits
Bananas,0.569,2019-07-01,Fruits
Bananas,0.58,2020-07-01,Fruits
Bananas,0.594,2021-07-01,Fruits
Bananas,0.64,2022-07-01,Fruits
Bananas,0.631,2023-07-01,Fruits
Bananas,0.613,2024-07-01,Fruits
Bananas,0.608,2014-08-01,Fruits
Bananas,0.58,2015-08-01,Fruits
Bananas,0.562,2016-08-01,Fruits
Bananas,0.561,2017-08-01,Fruits
Bananas,0.569,2018-08-01,Fruits
Bananas,0.578,2019-08-01,Fruits
Bananas,0.576,2020-08-01,Fruits
Bananas,0.589,2021-08-01,Fruits
Bananas,0.643,2022-08-01,Fruits
Bananas,0.631,2023-08-01,Fruits
Bananas,0.612,2024-08-01,Fruits
Bananas,0.606,2014-09-01,Fruits
Bananas,0.58,2015-09-01,Fruits
Bananas,0.575,2016-09-01,Fruits
Bananas,0.544,2017-09-01,Fruits
Bananas,0.573,2018-09-01,Fruits
Bananas,0.569,2019-09-01,Fruits
Bananas,0.574,2020-09-01,Fruits
Bananas,0.597,2021-09-01,Fruits
Bananas,0.643,2022-09-01,Fruits
Bananas,0.625,2023-09-01,Fruits
Bananas,0.617,2024-09-01,Fruits
Bananas,0.582,2014-10-01,Fruits
Bananas,0.577,2015-10-01,Fruits
Bananas,0.57,2016-10-01,Fruits
Bananas,0.548,2017-10-01,Fruits
Bananas,0.574,2018-10-01,Fruits
Bananas,0.573,2019-10-01,Fruits
Bananas,0.577,2020-10-01,Fruits
Bananas,0.6,2021-10-01,Fruits
Bananas,0.634,2022-10-01,Fruits
Bananas,0.626,2023-10-01,Fruits
Bananas,0.619,2024-10-01,Fruits
Bananas,0.592,2014-11-01,Fruits
Bananas,0.575,2015-11-01,Fruits
Bananas,0.573,2016-11-01,Fruits
Bananas,0.551,2017-11-01,Fruits
Bananas,0.566,2018-11-01,Fruits
Bananas,0.573,2019-11-01,Fruits
Bananas,0.578,2020-11-01,Fruits
Bananas,0.619,2021-11-01,Fruits
Bananas,0.631,2022-11-01,Fruits
Bananas,0.627,2023-11-01,Fruits
Bananas,0.622,2024-11-01,Fruits
Bananas,0.585,2014-12-01,Fruits
Bananas,0.58,2015-12-01,Fruits
Bananas,0.576,2016-12-01,Fruits
Bananas,0.558,2017-12-01,Fruits
Bananas,0.577,2018-12-01,Fruits
Bananas,0.573,2019-12-01,Fruits
Bananas,0.572,2020-12-01,Fruits
Bananas,0.622,2021-12-01,Fruits
Bananas,0.628,2022-12-01,Fruits
Bananas,0.625,2023-12-01,Fruits
Bananas,0.615,2024-12-01,Fruits
Bread,1.365,2014-01-01,Grains
Bread,1.479,2015-01-01,Grains
Bread,1.425,2016-01-01,Grains
Bread,1.351,2017-01-01,Grains
Bread,1.281,2018-01-01,Grains
Bread,1.274,2019-01-01,Grains
Bread,1.351,2020-01-01,Grains
Bread,1.546,2021-01-01,Grains
Bread,1.555,2022-01-01,Grains
Bread,1.888,2023-01-01,Grains
Bread,2.033,2024-01-01,Grains
Bread,1.388,2014-02-01,Grains
Bread,1.435,2015-02-01,Grains
Bread,1.407,2016-02-01,Grains
Bread,1.358,2017-02-01,Grains
Bread,1.265,2018-02-01,Grains
Bread,1.282,2019-02-01,Grains
Bread,1.375,2020-02-01,Grains
Bread,1.537,2021-02-01,Grains
Bread,1.578,2022-02-01,Grains
Bread,1.896,2023-02-01,Grains
Bread,2.006,2024-02-01,Grains
Bread,1.359,2014-03-01,Grains
Bread,1.44,2015-03-01,Grains
Bread,1.416,2016-03-01,Grains
Bread,1.329,2017-03-01,Grains
Bread,1.309,2018-03-01,Grains
Bread,1.261,2019-03-01,Grains
Bread,1.374,2020-03-01,Grains
Bread,1.526,2021-03-01,Grains
Bread,1.607,2022-03-01,Grains
Bread,1.936,2023-03-01,Grains
Bread,1.997,2024-03-01,Grains
Bread,1.388,2014-04-01,Grains
Bread,1.454,2015-04-01,Grains
Bread,1.406,2016-04-01,Grains
Bread,1.328,2017-04-01,Grains
Bread,1.281,2018-04-01,Grains
Bread,1.285,2019-04-01,Grains
Bread,1.406,2020-04-01,Grains
Bread,1.51,2021-04-01,Grains
Bread,1.612,2022-04-01,Grains
Bread,1.989,2023-04-01,Grains
Bread,1.998,2024-04-01,Grains
Bread,1.401,2014-05-01,Grains
Bread,1.463,2015-05-01,Grains
Bread,1.382,2016-05-01,Grains
Bread,1.327,2017-05-01,Grains
Bread,1.293,2018-05-01,Grains
Bread,1.289,2019-05-01,Grains
Bread,1.412,2020-05-01,Grains
Bread,1.511,2021-05-01,Grains
Bread,1.606,2022-05-01,Grains
Bread,1.951,2023-05-01,Grains
Bread,1.971,2024-05-01,Grains
Bread,1.4,2014-06-01,Grains
Bread,1.467,2015-06-01,Grains
Bread,1.333,2016-06-01,Grains
Bread,1.335,2017-06-01,Grains
Bread,1.279,2018-06-01,Grains
Bread,1.28,2019-06-01,Grains
Bread,1.474,2020-06-01,Grains
Bread,1.51,2021-06-01,Grains
Bread,1.691,2022-06-01,Grains
Bread,1.937,2023-06-01,Grains
Bread,1.973,2024-06-01,Grains
Bread,1.413,2014-07-01,Grains
Bread,1.447,2015-07-01,Grains
Bread,1.349,2016-07-01,Grains
Bread,1.327,2017-07-01,Grains
Bread,1.293,2018-07-01,Grains
Bread,1.281,2019-07-01,Grains
Bread,1.485,2020-07-01,Grains
Bread,1.491,2021-07-01,Grains
Bread,1.715,2022-07-01,Grains
Bread,1.98,2023-07-01,Grains
Bread,1.975,2024-07-01,Grains
Bread,1.396,2014-08-01,Grains
Bread,1.42,2015-08-01,Grains
Bread,1.341,2016-08-01,Grains
Bread,1.348,2017-08-01,Grains
Bread,1.302,2018-08-01,Grains
Bread,1.275,2019-08-01,Grains
Bread,1.495,2020-08-01,Grains
Bread,1.467,2021-08-01,Grains
Bread,1.756,2022-08-01,Grains
Bread,1.97,2023-08-01,Grains
Bread,1.951,2024-08-01,Grains
Bread,1.405,2014-09-01,Grains
Bread,1.432,2015-09-01,Grains
Bread,1.329,2016-09-01,Grains
Bread,1.349,2017-09-01,Grains
Bread,1.288,2018-09-01,Grains
Bread,1.296,2019-09-01,Grains
Bread,1.492,2020-09-01,Grains
Bread,1.58,2021-09-01,Grains
Bread,1.749,2022-09-01,Grains
Bread,1.972,2023-09-01,Grains
Bread,1.976,2024-09-01,Grains
Bread,1.414,2014-10-01,Grains
Bread,1.418,2015-10-01,Grains
Bread,1.343,2016-10-01,Grains
Bread,1.328,2017-10-01,Grains
Bread,1.277,2018-10-01,Grains
Bread,1.325,2019-10-01,Grains
Bread,1.503,2020-10-01,Grains
Bread,1.526,2021-10-01,Grains
Bread,1.814,2022-10-01,Grains
Bread,2.002,2023-10-01,Grains
Bread,1.937,2024-10-01,Grains
Bread,1.42,2014-11-01,Grains
Bread,1.409,2015-11-01,Grains
Bread,1.362,2016-11-01,Grains
Bread,1.295,2017-11-01,Grains
Bread,1.274,2018-11-01,Grains
Bread,1.361,2019-11-01,Grains
Bread,1.515,2020-11-01,Grains
Bread,1.547,2021-11-01,Grains
Bread,1.847,2022-11-01,Grains
Bread,1.976,2023-11-01,Grains
Bread,1.916,2024-11-01,Grains
Bread,1.466,2014-12-01,Grains
Bread,1.428,2015-12-01,Grains
Bread,1.362,2016-12-01,Grains
Bread,1.316,2017-12-01,Grains
Bread,1.29,2018-12-01,Grains
Bread,1.363,2019-12-01,Grains
Bread,1.538,2020-12-01,Grains
Bread,1.532,2021-12-01,Grains
Bread,1.873,2022-12-01,Grains
Bread,2.024,2023-12-01,Grains
Bread,1.912,2024-12-01,Grains
Chicken,1.529,2014-01-01,Protein
Chicken,1.546,2015-01-01,Protein
Chicken,1.429,2016-01-01,Protein
Chicken,1.418,2017-01-01,Protein
Chicken,1.509,2018-01-01,Protein
Chicken,1.473,2019-01-01,Protein
Chicken,1.409,2020-01-01,Protein
Chicken,1.595,2021-01-01,Protein
Chicken,1.622,2022-01-01,Protein
Chicken,1.855,2023-01-01,Protein
Chicken,1.987,2024-01-01,Protein
Chicken,1.504,2014-02-01,Protein
Chicken,1.55,2015-02-01,Protein
Chicken,1.478,2016-02-01,Protein
Chicken,1.473,2017-02-01,Protein
Chicken,1.478,2018-02-01,Protein
Chicken,1.486,2019-02-01,Protein
Chicken,1.362,2020-02-01,Protein
Chicken,1.583,2021-02-01,Protein
Chicken,1.632,2022-02-01,Protein
Chicken,1.894,2023-02-01,Protein
Chicken,1.951,2024-02-01,Protein
Chicken,1.544,2014-03-01,Protein
Chicken,1.545,2015-03-01,Protein
Chicken,1.463,2016-03-01,Protein
Chicken,1.462,2017-03-01,Protein
Chicken,1.502,2018-03-01,Protein
Chicken,1.468,2019-03-01,Protein
Chicken,1.4,2020-03-01,Protein
Chicken,1.543,2021-03-01,Protein
Chicken,1.724,2022-03-01,Protein
Chicken,1.868,2023-03-01,Protein
Chicken,1.991,2024-03-01,Protein
Chicken,1.53,2014-04-01,Protein
Chicken,1.539,2015-04-01,Protein
Chicken,1.496,2016-04-01,Protein
Chicken,1.444,2017-04-01,Protein
Chicken,1.511,2018-04-01,Protein
Chicken,1.463,2019-04-01,Protein
Chicken,1.571,2020-04-01,Protein
Chicken,1.515,2021-04-01,Protein
Chicken,1.794,2022-04-01,Protein
Chicken,1.873,2023-04-01,Protein
Chicken,1.953,2024-04-01,Protein
Chicken,1.556,2014-05-01,Protein
Chicken,1.483,2015-05-01,Protein
Chicken,1.489,2016-05-01,Protein
Chicken,1.499,2017-05-01,Protein
Chicken,1.523,2018-05-01,Protein
Chicken,1.479,2019-05-01,Protein
Chicken,,2020-05-01,Protein
Chicken,1.486,2021-05-01,Protein
Chicken,1.824,2022-05-01,Protein
Chicken,1.92,2023-05-01,Protein
Chicken,2.013,2024-05-01,Protein
Chicken,1.503,2014-06-01,Protein
Chicken,1.515,2015-06-01,Protein
Chicken,1.408,2016-06-01,Protein
Chicken,1.497,2017-06-01,Protein
Chicken,1.514,2018-06-01,Protein
Chicken,1.59,2019-06-01,Protein
Chicken,1.747,2020-06-01,Protein
Chicken,1.474,2021-06-01,Protein
Chicken,1.826,2022-06-01,Protein
Chicken,1.953,2023-06-01,Protein
Chicken,2.007,2024-06-01,Protein
Chicken,1.495,2014-07-01,Protein
Chicken,1.487,2015-07-01,Protein
Chicken,1.445,2016-07-01,Protein
Chicken,1.496,2017-07-01,Protein
Chicken,1.519,2018-07-01,Protein
Chicken,1.562,2019-07-01,Protein
Chicken,1.712,2020-07-01,Protein
Chicken,1.435,2021-07-01,Protein
Chicken,1.88,2022-07-01,Protein
Chicken,1.891,2023-07-01,Protein
Chicken,1.988,2024-07-01,Protein
Chicken,1.572,2014-08-01,Protein
Chicken,1.428,2015-08-01,Protein
Chicken,1.426,2016-08-01,Protein
Chicken,1.489,2017-08-01,Protein
Chicken,1.511,2018-08-01,Protein
Chicken,1.514,2019-08-01,Protein
Chicken,1.609,2020-08-01,Protein
Chicken,1.472,2021-08-01,Protein
Chicken,1.879,2022-08-01,Protein
Chicken,1.958,2023-08-01,Protein
Chicken,1.988,2024-08-01,Protein
Chicken,1.543,2014-09-01,Protein
Chicken,1.415,2015-09-01,Protein
Chicken,1.487,2016-09-01,Protein
Chicken,1.48,2017-09-01,Protein
Chicken,1.487,2018-09-01,Protein
Chicken,1.487,2019-09-01,Protein
Chicken,1.542,2020-09-01,Protein
Chicken,1.504,2021-09-01,Protein
Chicken,1.891,2022-09-01,Protein
Chicken,1.901,2023-09-01,Protein
Chicken,1.979,2024-09-01,Protein
Chicken,1.549,2014-10-01,Protein
Chicken,1.43,2015-10-01,Protein
Chicken,1.502,2016-10-01,Protein
Chicken,1.484,2017-10-01,Protein
Chicken,1.444,2018-10-01,Protein
Chicken,1.538,2019-10-01,Protein
Chicken,1.58,2020-10-01,Protein
Chicken,1.523,2021-10-01,Protein
Chicken,1.863,2022-10-01,Protein
Chicken,1.926,2023-10-01,Protein
Chicken,1.987,2024-10-01,Protein
Chicken,1.533,2014-11-01,Protein
Chicken,1.484,2015-11-01,Protein
Chicken,1.478,2016-11-01,Protein
Chicken,1.451,2017-11-01,Protein
Chicken,1.501,2018-11-01,Protein
Chicken,1.43,2019-11-01,Protein
Chicken,1.639,2020-11-01,Protein
Chicken,1.583,2021-11-01,Protein
Chicken,1.843,2022-11-01,Protein
Chicken,1.976,2023-11-01,Protein
Chicken,2.076,2024-11-01,Protein
Chicken,1.541,2014-12-01,Protein
Chicken,1.437,2015-12-01,Protein
Chicken,1.463,2016-12-01,Protein
Chicken,1.47,2017-12-01,Protein
Chicken,1.466,2018-12-01,Protein
Chicken,1.45,2019-12-01,Protein
Chicken,1.621,2020-12-01,Protein
Chicken,1.606,2021-12-01,Protein
Chicken,1.83,2022-12-01,Protein
Chicken,1.955,2023-12-01,Protein
Chicken,2.061,2024-12-01,Protein
Eggs,2.008,2014-01-01,Protein
Eggs,2.113,2015-01-01,Protein
Eggs,2.328,2016-01-01,Protein
Eggs,1.599,2017-01-01,Protein
Eggs,1.769,2018-01-01,Protein
Eggs,1.554,2019-01-01,Protein
Eggs,1.461,2020-01-01,Protein
Eggs,1.466,2021-01-01,Protein
Eggs,1.929,2022-01-01,Protein
Eggs,4.823,2023-01-01,Protein
Eggs,2.522,2024-01-01,Protein
Eggs,1.998,2014-02-01,Protein
Eggs,2.088,2015-02-01,Protein
Eggs,2.267,2016-02-01,Protein
Eggs,1.464,2017-02-01,Protein
Eggs,1.755,2018-02-01,Protein
Eggs,1.557,2019-02-01,Protein
Eggs,1.449,2020-02-01,Protein
Eggs,1.597,2021-02-01,Protein
Eggs,2.005,2022-02-01,Protein
Eggs,4.211,2023-02-01,Protein
Eggs,2.996,2024-02-01,Protein
Eggs,2.061,2014-03-01,Protein
Eggs,2.133,2015-03-01,Protein
Eggs,2.081,2016-03-01,Protein
Eggs,1.404,2017-03-01,Protein
Eggs,1.831,2018-03-01,Protein
Eggs,1.544,2019-03-01,Protein
Eggs,1.525,2020-03-01,Protein
Eggs,1.625,2021-03-01,Protein
Eggs,2.046,2022-03-01,Protein
Eggs,3.446,2023-03-01,Protein
Eggs,2.992,2024-03-01,Protein
Eggs,2.119,2014-04-01,Protein
Eggs,2.065,2015-04-01,Protein
Eggs,1.793,2016-04-01,Protein
Eggs,1.409,2017-04-01,Protein
Eggs,2.081,2018-04-01,Protein
Eggs,1.463,2019-04-01,Protein
Eggs,2.019,2020-04-01,Protein
Eggs,1.62,2021-04-01,Protein
Eggs,2.52,2022-04-01,Protein
Eggs,3.27,2023-04-01,Protein
Eggs,2.864,2024-04-01,Protein
Eggs,1.996,2014-05-01,Protein
Eggs,1.962,2015-05-01,Protein
Eggs,1.684,2016-05-01,Protein
Eggs,1.414,2017-05-01,Protein
Eggs,1.987,2018-05-01,Protein
Eggs,1.362,2019-05-01,Protein
Eggs,1.64,2020-05-01,Protein
Eggs,1.625,2021-05-01,Protein
Eggs,2.863,2022-05-01,Protein
Eggs,2.666,2023-05-01,Protein
Eggs,2.699,2024-05-01,Protein
Eggs,1.948,2014-06-01,Protein
Eggs,2.57,2015-06-01,Protein
Eggs,1.491,2016-06-01,Protein
Eggs,1.332,2017-06-01,Protein
Eggs,1.628,2018-06-01,Protein
Eggs,1.203,2019-06-01,Protein
Eggs,1.554,2020-06-01,Protein
Eggs,1.642,2021-06-01,Protein
Eggs,2.707,2022-06-01,Protein
Eggs,2.219,2023-06-01,Protein
Eggs,2.715,2024-06-01,Protein
Eggs,1.95,2014-07-01,Protein
Eggs,2.57,2015-07-01,Protein
Eggs,1.546,2016-07-01,Protein
Eggs,1.333,2017-07-01,Protein
Eggs,1.725,2018-07-01,Protein
Eggs,1.243,2019-07-01,Protein
Eggs,1.401,2020-07-01,Protein
Eggs,1.642,2021-07-01,Protein
Eggs,2.936,2022-07-01,Protein
Eggs,2.094,2023-07-01,Protein
Eggs,3.08,2024-07-01,Protein
Eggs,1.979,2014-08-01,Protein
Eggs,2.943,2015-08-01,Protein
Eggs,1.455,2016-08-01,Protein
Eggs,1.367,2017-08-01,Protein
Eggs,1.622,2018-08-01,Protein
Eggs,1.219,2019-08-01,Protein
Eggs,1.328,2020-08-01,Protein
Eggs,1.709,2021-08-01,Protein
Eggs,3.116,2022-08-01,Protein
Eggs,2.043,2023-08-01,Protein
Eggs,3.204,2024-08-01,Protein
Eggs,1.97,2014-09-01,Protein
Eggs,2.966,2015-09-01,Protein
Eggs,1.471,2016-09-01,Protein
Eggs,1.422,2017-09-01,Protein
Eggs,1.651,2018-09-01,Protein
Eggs,1.383,2019-09-01,Protein
Eggs,1.353,2020-09-01,Protein
Eggs,1.835,2021-09-01,Protein
Eggs,2.902,2022-09-01,Protein
Eggs,2.065,2023-09-01,Protein
Eggs,3.821,2024-09-01,Protein
Eggs,1.951,2014-10-01,Protein
Eggs,2.808,2015-10-01,Protein
Eggs,1.39,2016-10-01,Protein
Eggs,1.54,2017-10-01,Protein
Eggs,1.66,2018-10-01,Protein
Eggs,1.282,2019-10-01,Protein
Eggs,1.408,2020-10-01,Protein
Eggs,1.821,2021-10-01,Protein
Eggs,3.419,2022-10-01,Protein
Eggs,2.072,2023-10-01,Protein
Eggs,3.37,2024-10-01,Protein
Eggs,2.032,2014-11-01,Protein
Eggs,2.664,2015-11-01,Protein
Eggs,1.321,2016-11-01,Protein
Eggs,1.506,2017-11-01,Protein
Eggs,1.596,2018-11-01,Protein
Eggs,1.405,2019-11-01,Protein
Eggs,1.45,2020-11-01,Protein
Eggs,1.718,2021-11-01,Protein
Eggs,3.589,2022-11-01,Protein
Eggs,2.138,2023-11-01,Protein
Eggs,3.649,2024-11-01,Protein
Eggs,2.21,2014-12-01,Protein
Eggs,2.751,2015-12-01,Protein
Eggs,1.383,2016-12-01,Protein
Eggs,1.815,2017-12-01,Protein
Eggs,1.595,2018-12-01,Protein
Eggs,1.535,2019-12-01,Protein
Eggs,1.481,2020-12-01,Protein
Eggs,1.788,2021-12-01,Protein
Eggs,4.25,2022-12-01,Protein
Eggs,2.507,2023-12-01,Protein
Eggs,4.146,2024-12-01,Protein
Flour,0.543,2014-01-01,Grains 
Flour,0.545,2015-01-01,Grains 
Flour,0.522,2016-01-01,Grains 
Flour,0.53,2017-01-01,Grains 
Flour,0.471,2018-01-01,Grains 
Flour,0.439,2019-01-01,Grains 
Flour,0.438,2020-01-01,Grains 
Flour,0.446,2021-01-01,Grains 
Flour,0.424,2022-01-01,Grains 
Flour,0.54,2023-01-01,Grains 
Flour,0.554,2024-01-01,Grains 
Flour,0.555,2014-02-01,Grains 
Flour,0.525,2015-02-01,Grains 
Flour,0.522,2016-02-01,Grains 
Flour,0.526,2017-02-01,Grains 
Flour,0.47,2018-02-01,Grains 
Flour,0.443,2019-02-01,Grains 
Flour,0.438,2020-02-01,Grains 
Flour,0.44,2021-02-01,Grains 
Flour,0.428,2022-02-01,Grains 
Flour,0.55,2023-02-01,Grains 
Flour,0.558,2024-02-01,Grains 
Flour,0.551,2014-03-01,Grains 
Flour,0.518,2015-03-01,Grains 
Flour,0.512,2016-03-01,Grains 
Flour,0.531,2017-03-01,Grains 
Flour,0.468,2018-03-01,Grains 
Flour,0.445,2019-03-01,Grains 
Flour,0.442,2020-03-01,Grains 
Flour,0.436,2021-03-01,Grains 
Flour,0.448,2022-03-01,Grains 
Flour,0.546,2023-03-01,Grains 
Flour,0.565,2024-03-01,Grains 
Flour,0.547,2014-04-01,Grains 
Flour,0.509,2015-04-01,Grains 
Flour,0.521,2016-04-01,Grains 
Flour,0.516,2017-04-01,Grains 
Flour,0.472,2018-04-01,Grains 
Flour,0.434,2019-04-01,Grains 
Flour,,2020-04-01,Grains 
Flour,0.437,2021-04-01,Grains 
Flour,0.455,2022-04-01,Grains 
Flour,0.542,2023-04-01,Grains 
Flour,0.574,2024-04-01,Grains 
Flour,0.532,2014-05-01,Grains 
Flour,0.52,2015-05-01,Grains 
Flour,0.525,2016-05-01,Grains 
Flour,0.517,2017-05-01,Grains 
Flour,0.469,2018-05-01,Grains 
Flour,0.454,2019-05-01,Grains 
Flour,0.461,2020-05-01,Grains 
Flour,0.439,2021-05-01,Grains 
Flour,0.456,2022-05-01,Grains 
Flour,0.544,2023-05-01,Grains 
Flour,0.57,2024-05-01,Grains 
Flour,0.532,2014-06-01,Grains 
Flour,0.519,2015-06-01,Grains 
Flour,0.529,2016-06-01,Grains 
Flour,0.507,2017-06-01,Grains 
Flour,0.469,2018-06-01,Grains 
Flour,0.448,2019-06-01,Grains 
Flour,0.468,2020-06-01,Grains 
Flour,0.356,2021-06-01,Grains 
Flour,0.498,2022-06-01,Grains 
Flour,0.551,2023-06-01,Grains 
Flour,0.575,2024-06-01,Grains 
Flour,0.527,2014-07-01,Grains 
Flour,0.515,2015-07-01,Grains 
Flour,0.543,2016-07-01,Grains 
Flour,0.512,2017-07-01,Grains 
Flour,0.468,2018-07-01,Grains 
Flour,0.454,2019-07-01,Grains 
Flour,0.461,2020-07-01,Grains 
Flour,0.368,2021-07-01,Grains 
Flour,0.533,2022-07-01,Grains 
Flour,0.564,2023-07-01,Grains 
Flour,0.574,2024-07-01,Grains 
Flour,0.531,2014-08-01,Grains 
Flour,0.524,2015-08-01,Grains 
Flour,0.546,2016-08-01,Grains 
Flour,0.512,2017-08-01,Grains 
Flour,0.464,2018-08-01,Grains 
Flour,0.45,2019-08-01,Grains 
Flour,0.459,2020-08-01,Grains 
Flour,0.371,2021-08-01,Grains 
Flour,0.549,2022-08-01,Grains 
Flour,0.566,2023-08-01,Grains 
Flour,0.574,2024-08-01,Grains 
Flour,0.513,2014-09-01,Grains 
Flour,0.517,2015-09-01,Grains 
Flour,0.547,2016-09-01,Grains 
Flour,0.505,2017-09-01,Grains 
Flour,0.467,2018-09-01,Grains 
Flour,0.449,2019-09-01,Grains 
Flour,0.451,2020-09-01,Grains 
Flour,0.382,2021-09-01,Grains 
Flour,0.556,2022-09-01,Grains 
Flour,0.565,2023-09-01,Grains 
Flour,0.573,2024-09-01,Grains 
Flour,0.501,2014-10-01,Grains 
Flour,0.511,2015-10-01,Grains 
Flour,0.523,2016-10-01,Grains 
Flour,0.5,2017-10-01,Grains 
Flour,0.453,2018-10-01,Grains 
Flour,0.432,2019-10-01,Grains 
Flour,0.452,2020-10-01,Grains 
Flour,0.396,2021-10-01,Grains 
Flour,0.534,2022-10-01,Grains 
Flour,0.562,2023-10-01,Grains 
Flour,0.566,2024-10-01,Grains 
Flour,0.515,2014-11-01,Grains 
Flour,0.496,2015-11-01,Grains 
Flour,0.507,2016-11-01,Grains 
Flour,0.469,2017-11-01,Grains 
Flour,0.433,2018-11-01,Grains 
Flour,0.417,2019-11-01,Grains 
Flour,0.445,2020-11-01,Grains 
Flour,0.386,2021-11-01,Grains 
Flour,0.524,2022-11-01,Grains 
Flour,0.541,2023-11-01,Grains 
Flour,0.552,2024-11-01,Grains 
Flour,0.511,2014-12-01,Grains 
Flour,0.501,2015-12-01,Grains 
Flour,0.503,2016-12-01,Grains 
Flour,0.462,2017-12-01,Grains 
Flour,0.437,2018-12-01,Grains 
Flour,0.429,2019-12-01,Grains 
Flour,0.45,2020-12-01,Grains 
Flour,0.388,2021-12-01,Grains 
Flour,0.522,2022-12-01,Grains 
Flour,0.538,2023-12-01,Grains 
Flour,0.548,2024-12-01,Grains 
Lemons,1.687,2014-01-01,Fruits
Lemons,1.86,2015-01-01,Fruits
Lemons,1.956,2016-01-01,Fruits
Lemons,1.937,2017-01-01,Fruits
Lemons,2.045,2018-01-01,Fruits
Lemons,2.363,2019-01-01,Fruits
Lemons,1.949,2020-01-01,Fruits
Lemons,,2021-01-01,Fruits
Lemons,2.078,2022-01-01,Fruits
Lemons,2.194,2023-01-01,Fruits
Lemons,2.087,2024-01-01,Fruits
Lemons,1.667,2014-02-01,Fruits
Lemons,1.868,2015-02-01,Fruits
Lemons,1.922,2016-02-01,Fruits
Lemons,1.97,2017-02-01,Fruits
Lemons,2.06,2018-02-01,Fruits
Lemons,2.27,2019-02-01,Fruits
Lemons,1.959,2020-02-01,Fruits
Lemons,,2021-02-01,Fruits
Lemons,,2022-02-01,Fruits
Lemons,2.157,2023-02-01,Fruits
Lemons,2.036,2024-02-01,Fruits
Lemons,1.71,2014-03-01,Fruits
Lemons,1.664,2015-03-01,Fruits
Lemons,1.917,2016-03-01,Fruits
Lemons,1.914,2017-03-01,Fruits
Lemons,2.06,2018-03-01,Fruits
Lemons,2.276,2019-03-01,Fruits
Lemons,,2020-03-01,Fruits
Lemons,,2021-03-01,Fruits
Lemons,2.095,2022-03-01,Fruits
Lemons,2.174,2023-03-01,Fruits
Lemons,2.034,2024-03-01,Fruits
Lemons,1.743,2014-04-01,Fruits
Lemons,1.75,2015-04-01,Fruits
Lemons,2.027,2016-04-01,Fruits
Lemons,1.933,2017-04-01,Fruits
Lemons,2.046,2018-04-01,Fruits
Lemons,2.221,2019-04-01,Fruits
Lemons,,2020-04-01,Fruits
Lemons,,2021-04-01,Fruits
Lemons,2.225,2022-04-01,Fruits
Lemons,2.19,2023-04-01,Fruits
Lemons,1.982,2024-04-01,Fruits
Lemons,1.818,2014-05-01,Fruits
Lemons,1.874,2015-05-01,Fruits
Lemons,2.035,2016-05-01,Fruits
Lemons,1.934,2017-05-01,Fruits
Lemons,2.05,2018-05-01,Fruits
Lemons,2.167,2019-05-01,Fruits
Lemons,,2020-05-01,Fruits
Lemons,1.981,2021-05-01,Fruits
Lemons,2.261,2022-05-01,Fruits
Lemons,2.241,2023-05-01,Fruits
Lemons,1.923,2024-05-01,Fruits
Lemons,1.867,2014-06-01,Fruits
Lemons,2.127,2015-06-01,Fruits
Lemons,2.115,2016-06-01,Fruits
Lemons,2.022,2017-06-01,Fruits
Lemons,2.115,2018-06-01,Fruits
Lemons,2.066,2019-06-01,Fruits
Lemons,,2020-06-01,Fruits
Lemons,1.953,2021-06-01,Fruits
Lemons,2.192,2022-06-01,Fruits
Lemons,2.226,2023-06-01,Fruits
Lemons,1.977,2024-06-01,Fruits
Lemons,2.078,2014-07-01,Fruits
Lemons,2.254,2015-07-01,Fruits
Lemons,2.17,2016-07-01,Fruits
Lemons,2.093,2017-07-01,Fruits
Lemons,2.198,2018-07-01,Fruits
Lemons,2.041,2019-07-01,Fruits
Lemons,,2020-07-01,Fruits
Lemons,,2021-07-01,Fruits
Lemons,2.138,2022-07-01,Fruits
Lemons,2.161,2023-07-01,Fruits
Lemons,1.989,2024-07-01,Fruits
Lemons,2.327,2014-08-01,Fruits
Lemons,2.088,2015-08-01,Fruits
Lemons,2.161,2016-08-01,Fruits
Lemons,2.138,2017-08-01,Fruits
Lemons,2.463,2018-08-01,Fruits
Lemons,2.03,2019-08-01,Fruits
Lemons,,2020-08-01,Fruits
Lemons,,2021-08-01,Fruits
Lemons,2.032,2022-08-01,Fruits
Lemons,2.076,2023-08-01,Fruits
Lemons,1.959,2024-08-01,Fruits
Lemons,2.355,2014-09-01,Fruits
Lemons,2.091,2015-09-01,Fruits
Lemons,2.171,2016-09-01,Fruits
Lemons,2.102,2017-09-01,Fruits
Lemons,2.552,2018-09-01,Fruits
Lemons,2.047,2019-09-01,Fruits
Lemons,,2020-09-01,Fruits
Lemons,,2021-09-01,Fruits
Lemons,2.086,2022-09-01,Fruits
Lemons,2.071,2023-09-01,Fruits
Lemons,1.999,2024-09-01,Fruits
Lemons,2.327,2014-10-01,Fruits
Lemons,2.164,2015-10-01,Fruits
Lemons,2.019,2016-10-01,Fruits
Lemons,2.064,2017-10-01,Fruits
Lemons,2.557,2018-10-01,Fruits
Lemons,2.062,2019-10-01,Fruits
Lemons,,2020-10-01,Fruits
Lemons,1.983,2021-10-01,Fruits
Lemons,2.09,2022-10-01,Fruits
Lemons,2.026,2023-10-01,Fruits
Lemons,2.056,2024-10-01,Fruits
Lemons,2.067,2014-11-01,Fruits
Lemons,2.059,2015-11-01,Fruits
Lemons,1.971,2016-11-01,Fruits
Lemons,1.986,2017-11-01,Fruits
Lemons,2.452,2018-11-01,Fruits
Lemons,2.014,2019-11-01,Fruits
Lemons,,2020-11-01,Fruits
Lemons,,2021-11-01,Fruits
Lemons,2.122,2022-11-01,Fruits
Lemons,2.061,2023-11-01,Fruits
Lemons,2.116,2024-11-01,Fruits
Lemons,1.966,2014-12-01,Fruits
Lemons,1.978,2015-12-01,Fruits
Lemons,1.985,2016-12-01,Fruits
Lemons,1.989,2017-12-01,Fruits
Lemons,2.39,2018-12-01,Fruits
Lemons,1.995,2019-12-01,Fruits
Lemons,1.896,2020-12-01,Fruits
Lemons,2.014,2021-12-01,Fruits
Lemons,2.085,2022-12-01,Fruits
Lemons,2.066,2023-12-01,Fruits
Lemons,2.121,2024-12-01,Fruits
Milk,3.552,2014-01-01,Dairy product
Milk,3.758,2015-01-01,Dairy product
Milk,3.313,2016-01-01,Dairy product
Milk,3.318,2017-01-01,Dairy product
Milk,2.961,2018-01-01,Dairy product
Milk,2.913,2019-01-01,Dairy product
Milk,3.253,2020-01-01,Dairy product
Milk,3.468,2021-01-01,Dairy product
Milk,3.787,2022-01-01,Dairy product
Milk,4.204,2023-01-01,Dairy product
Milk,3.958,2024-01-01,Dairy product
Milk,3.561,2014-02-01,Dairy product
Milk,3.496,2015-02-01,Dairy product
Milk,3.23,2016-02-01,Dairy product
Milk,3.3,2017-02-01,Dairy product
Milk,2.923,2018-02-01,Dairy product
Milk,2.9,2019-02-01,Dairy product
Milk,3.196,2020-02-01,Dairy product
Milk,3.368,2021-02-01,Dairy product
Milk,3.875,2022-02-01,Dairy product
Milk,4.163,2023-02-01,Dairy product
Milk,3.94,2024-02-01,Dairy product
Milk,3.669,2014-03-01,Dairy product
Milk,3.463,2015-03-01,Dairy product
Milk,3.187,2016-03-01,Dairy product
Milk,3.315,2017-03-01,Dairy product
Milk,2.903,2018-03-01,Dairy product
Milk,2.944,2019-03-01,Dairy product
Milk,3.248,2020-03-01,Dairy product
Milk,3.348,2021-03-01,Dairy product
Milk,3.917,2022-03-01,Dairy product
Milk,4.098,2023-03-01,Dairy product
Milk,3.893,2024-03-01,Dairy product
Milk,3.687,2014-04-01,Dairy product
Milk,3.397,2015-04-01,Dairy product
Milk,3.155,2016-04-01,Dairy product
Milk,3.259,2017-04-01,Dairy product
Milk,2.924,2018-04-01,Dairy product
Milk,2.98,2019-04-01,Dairy product
Milk,3.267,2020-04-01,Dairy product
Milk,3.447,2021-04-01,Dairy product
Milk,4.012,2022-04-01,Dairy product
Milk,4.042,2023-04-01,Dairy product
Milk,3.868,2024-04-01,Dairy product
Milk,3.735,2014-05-01,Dairy product
Milk,3.387,2015-05-01,Dairy product
Milk,3.157,2016-05-01,Dairy product
Milk,3.242,2017-05-01,Dairy product
Milk,2.919,2018-05-01,Dairy product
Milk,2.963,2019-05-01,Dairy product
Milk,3.21,2020-05-01,Dairy product
Milk,3.497,2021-05-01,Dairy product
Milk,4.204,2022-05-01,Dairy product
Milk,4.042,2023-05-01,Dairy product
Milk,3.864,2024-05-01,Dairy product
Milk,3.626,2014-06-01,Dairy product
Milk,3.366,2015-06-01,Dairy product
Milk,3.115,2016-06-01,Dairy product
Milk,3.213,2017-06-01,Dairy product
Milk,2.877,2018-06-01,Dairy product
Milk,3.054,2019-06-01,Dairy product
Milk,3.198,2020-06-01,Dairy product
Milk,3.557,2021-06-01,Dairy product
Milk,4.153,2022-06-01,Dairy product
Milk,3.985,2023-06-01,Dairy product
Milk,3.956,2024-06-01,Dairy product
Milk,3.645,2014-07-01,Dairy product
Milk,3.43,2015-07-01,Dairy product
Milk,3.062,2016-07-01,Dairy product
Milk,3.219,2017-07-01,Dairy product
Milk,2.839,2018-07-01,Dairy product
Milk,3.031,2019-07-01,Dairy product
Milk,3.255,2020-07-01,Dairy product
Milk,3.627,2021-07-01,Dairy product
Milk,4.156,2022-07-01,Dairy product
Milk,3.971,2023-07-01,Dairy product
Milk,3.983,2024-07-01,Dairy product
Milk,3.673,2014-08-01,Dairy product
Milk,3.389,2015-08-01,Dairy product
Milk,3.141,2016-08-01,Dairy product
Milk,3.168,2017-08-01,Dairy product
Milk,2.871,2018-08-01,Dairy product
Milk,3.045,2019-08-01,Dairy product
Milk,3.406,2020-08-01,Dairy product
Milk,3.56,2021-08-01,Dairy product
Milk,4.194,2022-08-01,Dairy product
Milk,3.927,2023-08-01,Dairy product
Milk,4.044,2024-08-01,Dairy product
Milk,3.732,2014-09-01,Dairy product
Milk,3.392,2015-09-01,Dairy product
Milk,3.229,2016-09-01,Dairy product
Milk,3.209,2017-09-01,Dairy product
Milk,2.89,2018-09-01,Dairy product
Milk,3.102,2019-09-01,Dairy product
Milk,3.448,2020-09-01,Dairy product
Milk,3.585,2021-09-01,Dairy product
Milk,4.181,2022-09-01,Dairy product
Milk,3.965,2023-09-01,Dairy product
Milk,4.021,2024-09-01,Dairy product
Milk,3.766,2014-10-01,Dairy product
Milk,3.338,2015-10-01,Dairy product
Milk,3.292,2016-10-01,Dairy product
Milk,3.158,2017-10-01,Dairy product
Milk,2.913,2018-10-01,Dairy product
Milk,3.119,2019-10-01,Dairy product
Milk,3.38,2020-10-01,Dairy product
Milk,3.663,2021-10-01,Dairy product
Milk,4.184,2022-10-01,Dairy product
Milk,3.927,2023-10-01,Dairy product
Milk,4.041,2024-10-01,Dairy product
Milk,3.858,2014-11-01,Dairy product
Milk,3.299,2015-11-01,Dairy product
Milk,3.28,2016-11-01,Dairy product
Milk,3.15,2017-11-01,Dairy product
Milk,2.877,2018-11-01,Dairy product
Milk,3.189,2019-11-01,Dairy product
Milk,3.425,2020-11-01,Dairy product
Milk,3.671,2021-11-01,Dairy product
Milk,4.218,2022-11-01,Dairy product
Milk,3.997,2023-11-01,Dairy product
Milk,4.138,2024-11-01,Dairy product
Milk,3.82,2014-12-01,Dairy product
Milk,3.31,2015-12-01,Dairy product
Milk,3.29,2016-12-01,Dairy product
Milk,3.155,2017-12-01,Dairy product
Milk,2.853,2018-12-01,Dairy product
Milk,3.188,2019-12-01,Dairy product
Milk,3.535,2020-12-01,Dairy product
Milk,3.743,2021-12-01,Dairy product
Milk,4.211,2022-12-01,Dairy product
Milk,4.008,2023-12-01,Dairy product
Milk,4.101,2024-12-01,Dairy product
Pork,3.723,2014-01-01,Protein
Pork,3.988,2015-01-01,Protein
Pork,3.656,2016-01-01,Protein
Pork,3.354,2017-01-01,Protein
Pork,3.224,2018-01-01,Protein
Pork,3.199,2019-01-01,Protein
Pork,3.368,2020-01-01,Protein
Pork,3.694,2021-01-01,Protein
Pork,4.019,2022-01-01,Protein
Pork,4.14,2023-01-01,Protein
Pork,4.236,2024-01-01,Protein
Pork,3.659,2014-02-01,Protein
Pork,3.962,2015-02-01,Protein
Pork,3.658,2016-02-01,Protein
Pork,3.45,2017-02-01,Protein
Pork,3.186,2018-02-01,Protein
Pork,3.298,2019-02-01,Protein
Pork,3.419,2020-02-01,Protein
Pork,3.676,2021-02-01,Protein
Pork,4.031,2022-02-01,Protein
Pork,4.256,2023-02-01,Protein
Pork,4.157,2024-02-01,Protein
Pork,3.824,2014-03-01,Protein
Pork,3.867,2015-03-01,Protein
Pork,3.693,2016-03-01,Protein
Pork,3.443,2017-03-01,Protein
Pork,3.207,2018-03-01,Protein
Pork,3.311,2019-03-01,Protein
Pork,3.415,2020-03-01,Protein
Pork,3.765,2021-03-01,Protein
Pork,4.126,2022-03-01,Protein
Pork,4.165,2023-03-01,Protein
Pork,4.256,2024-03-01,Protein
Pork,4.044,2014-04-01,Protein
Pork,3.813,2015-04-01,Protein
Pork,3.707,2016-04-01,Protein
Pork,3.441,2017-04-01,Protein
Pork,3.293,2018-04-01,Protein
Pork,3.354,2019-04-01,Protein
Pork,3.673,2020-04-01,Protein
Pork,3.844,2021-04-01,Protein
Pork,4.178,2022-04-01,Protein
Pork,4.099,2023-04-01,Protein
Pork,4.235,2024-04-01,Protein
Pork,4.106,2014-05-01,Protein
Pork,3.786,2015-05-01,Protein
Pork,3.72,2016-05-01,Protein
Pork,3.425,2017-05-01,Protein
Pork,3.284,2018-05-01,Protein
Pork,3.441,2019-05-01,Protein
Pork,3.972,2020-05-01,Protein
Pork,3.875,2021-05-01,Protein
Pork,4.13,2022-05-01,Protein
Pork,4.189,2023-05-01,Protein
Pork,4.391,2024-05-01,Protein
Pork,4.024,2014-06-01,Protein
Pork,3.824,2015-06-01,Protein
Pork,3.752,2016-06-01,Protein
Pork,3.42,2017-06-01,Protein
Pork,3.272,2018-06-01,Protein
Pork,3.312,2019-06-01,Protein
Pork,4.189,2020-06-01,Protein
Pork,4.089,2021-06-01,Protein
Pork,4.068,2022-06-01,Protein
Pork,4.241,2023-06-01,Protein
Pork,4.397,2024-06-01,Protein
Pork,4.005,2014-07-01,Protein
Pork,3.917,2015-07-01,Protein
Pork,3.832,2016-07-01,Protein
Pork,3.417,2017-07-01,Protein
Pork,3.262,2018-07-01,Protein
Pork,3.411,2019-07-01,Protein
Pork,3.91,2020-07-01,Protein
Pork,4.081,2021-07-01,Protein
Pork,4.174,2022-07-01,Protein
Pork,4.238,2023-07-01,Protein
Pork,4.409,2024-07-01,Protein
Pork,4.172,2014-08-01,Protein
Pork,3.863,2015-08-01,Protein
Pork,3.76,2016-08-01,Protein
Pork,3.482,2017-08-01,Protein
Pork,3.338,2018-08-01,Protein
Pork,3.379,2019-08-01,Protein
Pork,3.788,2020-08-01,Protein
Pork,4.057,2021-08-01,Protein
Pork,4.248,2022-08-01,Protein
Pork,4.359,2023-08-01,Protein
Pork,4.403,2024-08-01,Protein
Pork,4.173,2014-09-01,Protein
Pork,3.88,2015-09-01,Protein
Pork,3.662,2016-09-01,Protein
Pork,3.481,2017-09-01,Protein
Pork,3.289,2018-09-01,Protein
Pork,3.335,2019-09-01,Protein
Pork,3.799,2020-09-01,Protein
Pork,4.051,2021-09-01,Protein
Pork,4.187,2022-09-01,Protein
Pork,4.327,2023-09-01,Protein
Pork,4.328,2024-09-01,Protein
Pork,4.174,2014-10-01,Protein
Pork,3.875,2015-10-01,Protein
Pork,3.632,2016-10-01,Protein
Pork,3.378,2017-10-01,Protein
Pork,3.367,2018-10-01,Protein
Pork,3.238,2019-10-01,Protein
Pork,3.632,2020-10-01,Protein
Pork,4.147,2021-10-01,Protein
Pork,4.273,2022-10-01,Protein
Pork,4.452,2023-10-01,Protein
Pork,4.273,2024-10-01,Protein
Pork,4.1,2014-11-01,Protein
Pork,3.797,2015-11-01,Protein
Pork,3.512,2016-11-01,Protein
Pork,3.366,2017-11-01,Protein
Pork,3.306,2018-11-01,Protein
Pork,3.399,2019-11-01,Protein
Pork,3.737,2020-11-01,Protein
Pork,4.072,2021-11-01,Protein
Pork,4.163,2022-11-01,Protein
Pork,4.343,2023-11-01,Protein
Pork,4.43,2024-11-01,Protein
Pork,4.056,2014-12-01,Protein
Pork,3.807,2015-12-01,Protein
Pork,3.462,2016-12-01,Protein
Pork,3.302,2017-12-01,Protein
Pork,3.361,2018-12-01,Protein
Pork,3.391,2019-12-01,Protein
Pork,3.741,2020-12-01,Protein
Pork,4.023,2021-12-01,Protein
Pork,4.314,2022-12-01,Protein
Pork,4.256,2023-12-01,Protein
Pork,4.308,2024-12-01,Protein
Potatoes,0.688,2014-01-01,Vegetable
Potatoes,0.668,2015-01-01,Vegetable
Potatoes,0.659,2016-01-01,Vegetable
Potatoes,0.696,2017-01-01,Vegetable
Potatoes,0.73,2018-01-01,Vegetable
Potatoes,0.749,2019-01-01,Vegetable
Potatoes,0.802,2020-01-01,Vegetable
Potatoes,0.782,2021-01-01,Vegetable
Potatoes,0.792,2022-01-01,Vegetable
Potatoes,0.953,2023-01-01,Vegetable
Potatoes,0.978,2024-01-01,Vegetable
Potatoes,0.684,2014-02-01,Vegetable
Potatoes,0.646,2015-02-01,Vegetable
Potatoes,0.659,2016-02-01,Vegetable
Potatoes,0.703,2017-02-01,Vegetable
Potatoes,0.736,2018-02-01,Vegetable
Potatoes,0.751,2019-02-01,Vegetable
Potatoes,0.786,2020-02-01,Vegetable
Potatoes,0.762,2021-02-01,Vegetable
Potatoes,0.802,2022-02-01,Vegetable
Potatoes,0.978,2023-02-01,Vegetable
Potatoes,0.971,2024-02-01,Vegetable
Potatoes,0.678,2014-03-01,Vegetable
Potatoes,0.639,2015-03-01,Vegetable
Potatoes,0.652,2016-03-01,Vegetable
Potatoes,0.689,2017-03-01,Vegetable
Potatoes,0.727,2018-03-01,Vegetable
Potatoes,0.755,2019-03-01,Vegetable
Potatoes,,2020-03-01,Vegetable
Potatoes,0.786,2021-03-01,Vegetable
Potatoes,0.825,2022-03-01,Vegetable
Potatoes,0.968,2023-03-01,Vegetable
Potatoes,0.972,2024-03-01,Vegetable
Potatoes,0.672,2014-04-01,Vegetable
Potatoes,0.645,2015-04-01,Vegetable
Potatoes,0.652,2016-04-01,Vegetable
Potatoes,0.698,2017-04-01,Vegetable
Potatoes,0.728,2018-04-01,Vegetable
Potatoes,0.749,2019-04-01,Vegetable
Potatoes,,2020-04-01,Vegetable
Potatoes,0.774,2021-04-01,Vegetable
Potatoes,0.849,2022-04-01,Vegetable
Potatoes,0.98,2023-04-01,Vegetable
Potatoes,0.971,2024-04-01,Vegetable
Potatoes,0.678,2014-05-01,Vegetable
Potatoes,0.646,2015-05-01,Vegetable
Potatoes,0.679,2016-05-01,Vegetable
Potatoes,0.706,2017-05-01,Vegetable
Potatoes,0.739,2018-05-01,Vegetable
Potatoes,0.772,2019-05-01,Vegetable
Potatoes,0.855,2020-05-01,Vegetable
Potatoes,0.764,2021-05-01,Vegetable
Potatoes,0.875,2022-05-01,Vegetable
Potatoes,1.008,2023-05-01,Vegetable
Potatoes,0.964,2024-05-01,Vegetable
Potatoes,0.685,2014-06-01,Vegetable
Potatoes,0.647,2015-06-01,Vegetable
Potatoes,0.688,2016-06-01,Vegetable
Potatoes,0.733,2017-06-01,Vegetable
Potatoes,0.744,2018-06-01,Vegetable
Potatoes,0.743,2019-06-01,Vegetable
Potatoes,0.854,2020-06-01,Vegetable
Potatoes,0.769,2021-06-01,Vegetable
Potatoes,0.891,2022-06-01,Vegetable
Potatoes,1.026,2023-06-01,Vegetable
Potatoes,0.993,2024-06-01,Vegetable
Potatoes,0.696,2014-07-01,Vegetable
Potatoes,0.668,2015-07-01,Vegetable
Potatoes,0.699,2016-07-01,Vegetable
Potatoes,0.752,2017-07-01,Vegetable
Potatoes,0.765,2018-07-01,Vegetable
Potatoes,0.78,2019-07-01,Vegetable
Potatoes,0.854,2020-07-01,Vegetable
Potatoes,0.776,2021-07-01,Vegetable
Potatoes,0.945,2022-07-01,Vegetable
Potatoes,1.051,2023-07-01,Vegetable
Potatoes,1.017,2024-07-01,Vegetable
Potatoes,0.689,2014-08-01,Vegetable
Potatoes,0.661,2015-08-01,Vegetable
Potatoes,0.711,2016-08-01,Vegetable
Potatoes,0.75,2017-08-01,Vegetable
Potatoes,0.768,2018-08-01,Vegetable
Potatoes,0.786,2019-08-01,Vegetable
Potatoes,0.856,2020-08-01,Vegetable
Potatoes,0.797,2021-08-01,Vegetable
Potatoes,0.994,2022-08-01,Vegetable
Potatoes,1.094,2023-08-01,Vegetable
Potatoes,1.006,2024-08-01,Vegetable
Potatoes,0.671,2014-09-01,Vegetable
Potatoes,0.65,2015-09-01,Vegetable
Potatoes,0.702,2016-09-01,Vegetable
Potatoes,0.745,2017-09-01,Vegetable
Potatoes,0.75,2018-09-01,Vegetable
Potatoes,0.794,2019-09-01,Vegetable
Potatoes,0.798,2020-09-01,Vegetable
Potatoes,0.798,2021-09-01,Vegetable
Potatoes,1.019,2022-09-01,Vegetable
Potatoes,1.047,2023-09-01,Vegetable
Potatoes,1.009,2024-09-01,Vegetable
Potatoes,0.669,2014-10-01,Vegetable
Potatoes,0.655,2015-10-01,Vegetable
Potatoes,0.691,2016-10-01,Vegetable
Potatoes,0.748,2017-10-01,Vegetable
Potatoes,0.746,2018-10-01,Vegetable
Potatoes,0.785,2019-10-01,Vegetable
Potatoes,0.802,2020-10-01,Vegetable
Potatoes,0.808,2021-10-01,Vegetable
Potatoes,0.991,2022-10-01,Vegetable
Potatoes,1.006,2023-10-01,Vegetable
Potatoes,0.998,2024-10-01,Vegetable
Potatoes,0.641,2014-11-01,Vegetable
Potatoes,0.633,2015-11-01,Vegetable
Potatoes,0.697,2016-11-01,Vegetable
Potatoes,0.733,2017-11-01,Vegetable
Potatoes,0.725,2018-11-01,Vegetable
Potatoes,0.764,2019-11-01,Vegetable
Potatoes,0.756,2020-11-01,Vegetable
Potatoes,0.767,2021-11-01,Vegetable
Potatoes,0.945,2022-11-01,Vegetable
Potatoes,0.983,2023-11-01,Vegetable
Potatoes,0.956,2024-11-01,Vegetable
Potatoes,0.636,2014-12-01,Vegetable
Potatoes,0.637,2015-12-01,Vegetable
Potatoes,0.686,2016-12-01,Vegetable
Potatoes,0.731,2017-12-01,Vegetable
Potatoes,0.718,2018-12-01,Vegetable
Potatoes,0.78,2019-12-01,Vegetable
Potatoes,0.749,2020-12-01,Vegetable
Potatoes,0.778,2021-12-01,Vegetable
Potatoes,0.948,2022-12-01,Vegetable
Potatoes,0.961,2023-12-01,Vegetable
Potatoes,0.949,2024-12-01,Vegetable
Rice,0.731,2014-01-01,Grains
Rice,0.692,2015-01-01,Grains
Rice,0.709,2016-01-01,Grains
Rice,0.7,2017-01-01,Grains
Rice,0.682,2018-01-01,Grains
Rice,0.73,2019-01-01,Grains
Rice,0.716,2020-01-01,Grains
Rice,0.794,2021-01-01,Grains
Rice,0.832,2022-01-01,Grains
Rice,0.97,2023-01-01,Grains
Rice,1,2024-01-01,Grains
Rice,0.732,2014-02-01,Grains
Rice,0.689,2015-02-01,Grains
Rice,0.707,2016-02-01,Grains
Rice,0.695,2017-02-01,Grains
Rice,0.691,2018-02-01,Grains
Rice,0.762,2019-02-01,Grains
Rice,0.734,2020-02-01,Grains
Rice,0.779,2021-02-01,Grains
Rice,0.83,2022-02-01,Grains
Rice,0.959,2023-02-01,Grains
Rice,1.001,2024-02-01,Grains
Rice,0.733,2014-03-01,Grains
Rice,0.67,2015-03-01,Grains
Rice,0.711,2016-03-01,Grains
Rice,0.692,2017-03-01,Grains
Rice,0.682,2018-03-01,Grains
Rice,0.757,2019-03-01,Grains
Rice,0.733,2020-03-01,Grains
Rice,0.772,2021-03-01,Grains
Rice,0.871,2022-03-01,Grains
Rice,0.982,2023-03-01,Grains
Rice,1.014,2024-03-01,Grains
Rice,0.75,2014-04-01,Grains
Rice,0.67,2015-04-01,Grains
Rice,0.703,2016-04-01,Grains
Rice,0.686,2017-04-01,Grains
Rice,0.685,2018-04-01,Grains
Rice,0.767,2019-04-01,Grains
Rice,,2020-04-01,Grains
Rice,0.785,2021-04-01,Grains
Rice,0.9,2022-04-01,Grains
Rice,0.98,2023-04-01,Grains
Rice,1.025,2024-04-01,Grains
Rice,0.739,2014-05-01,Grains
Rice,0.676,2015-05-01,Grains
Rice,0.747,2016-05-01,Grains
Rice,0.726,2017-05-01,Grains
Rice,0.698,2018-05-01,Grains
Rice,0.761,2019-05-01,Grains
Rice,0.748,2020-05-01,Grains
Rice,0.801,2021-05-01,Grains
Rice,0.909,2022-05-01,Grains
Rice,0.997,2023-05-01,Grains
Rice,1.002,2024-05-01,Grains
Rice,0.742,2014-06-01,Grains
Rice,0.691,2015-06-01,Grains
Rice,0.734,2016-06-01,Grains
Rice,0.752,2017-06-01,Grains
Rice,0.689,2018-06-01,Grains
Rice,0.801,2019-06-01,Grains
Rice,0.749,2020-06-01,Grains
Rice,0.778,2021-06-01,Grains
Rice,0.924,2022-06-01,Grains
Rice,1.003,2023-06-01,Grains
Rice,1.018,2024-06-01,Grains
Rice,0.758,2014-07-01,Grains
Rice,0.673,2015-07-01,Grains
Rice,0.74,2016-07-01,Grains
Rice,0.764,2017-07-01,Grains
Rice,0.69,2018-07-01,Grains
Rice,0.798,2019-07-01,Grains
Rice,0.772,2020-07-01,Grains
Rice,0.782,2021-07-01,Grains
Rice,0.929,2022-07-01,Grains
Rice,1.006,2023-07-01,Grains
Rice,1.039,2024-07-01,Grains
Rice,0.737,2014-08-01,Grains
Rice,0.669,2015-08-01,Grains
Rice,0.729,2016-08-01,Grains
Rice,0.753,2017-08-01,Grains
Rice,0.705,2018-08-01,Grains
Rice,0.793,2019-08-01,Grains
Rice,0.769,2020-08-01,Grains
Rice,0.784,2021-08-01,Grains
Rice,0.925,2022-08-01,Grains
Rice,0.997,2023-08-01,Grains
Rice,1.085,2024-08-01,Grains
Rice,0.746,2014-09-01,Grains
Rice,0.662,2015-09-01,Grains
Rice,0.721,2016-09-01,Grains
Rice,0.741,2017-09-01,Grains
Rice,0.693,2018-09-01,Grains
Rice,0.797,2019-09-01,Grains
Rice,0.777,2020-09-01,Grains
Rice,0.798,2021-09-01,Grains
Rice,0.939,2022-09-01,Grains
Rice,0.981,2023-09-01,Grains
Rice,1.078,2024-09-01,Grains
Rice,0.723,2014-10-01,Grains
Rice,0.69,2015-10-01,Grains
Rice,0.697,2016-10-01,Grains
Rice,0.723,2017-10-01,Grains
Rice,0.685,2018-10-01,Grains
Rice,0.773,2019-10-01,Grains
Rice,0.766,2020-10-01,Grains
Rice,0.788,2021-10-01,Grains
Rice,0.963,2022-10-01,Grains
Rice,0.96,2023-10-01,Grains
Rice,1.056,2024-10-01,Grains
Rice,0.717,2014-11-01,Grains
Rice,0.732,2015-11-01,Grains
Rice,0.703,2016-11-01,Grains
Rice,0.712,2017-11-01,Grains
Rice,0.711,2018-11-01,Grains
Rice,0.721,2019-11-01,Grains
Rice,0.791,2020-11-01,Grains
Rice,0.844,2021-11-01,Grains
Rice,0.963,2022-11-01,Grains
Rice,0.992,2023-11-01,Grains
Rice,1.061,2024-11-01,Grains
Rice,0.7,2014-12-01,Grains
Rice,0.711,2015-12-01,Grains
Rice,0.693,2016-12-01,Grains
Rice,0.711,2017-12-01,Grains
Rice,0.712,2018-12-01,Grains
Rice,0.714,2019-12-01,Grains
Rice,0.789,2020-12-01,Grains
Rice,0.82,2021-12-01,Grains
Rice,0.971,2022-12-01,Grains
Rice,0.99,2023-12-01,Grains
Rice,1.032,2024-12-01,Grains
Sugar,0.628,2014-01-01,Carbohydrates 
Sugar,0.644,2015-01-01,Carbohydrates 
Sugar,0.662,2016-01-01,Carbohydrates 
Sugar,0.632,2017-01-01,Carbohydrates 
Sugar,0.623,2018-01-01,Carbohydrates 
Sugar,0.595,2019-01-01,Carbohydrates 
Sugar,0.603,2020-01-01,Carbohydrates 
Sugar,0.682,2021-01-01,Carbohydrates 
Sugar,0.706,2022-01-01,Carbohydrates 
Sugar,0.86,2023-01-01,Carbohydrates 
Sugar,0.975,2024-01-01,Carbohydrates 
Sugar,0.615,2014-02-01,Carbohydrates 
Sugar,0.659,2015-02-01,Carbohydrates 
Sugar,0.648,2016-02-01,Carbohydrates 
Sugar,0.637,2017-02-01,Carbohydrates 
Sugar,0.622,2018-02-01,Carbohydrates 
Sugar,0.592,2019-02-01,Carbohydrates 
Sugar,0.612,2020-02-01,Carbohydrates 
Sugar,0.68,2021-02-01,Carbohydrates 
Sugar,0.718,2022-02-01,Carbohydrates 
Sugar,0.876,2023-02-01,Carbohydrates 
Sugar,0.984,2024-02-01,Carbohydrates 
Sugar,0.604,2014-03-01,Carbohydrates 
Sugar,0.66,2015-03-01,Carbohydrates 
Sugar,0.632,2016-03-01,Carbohydrates 
Sugar,0.631,2017-03-01,Carbohydrates 
Sugar,0.612,2018-03-01,Carbohydrates 
Sugar,0.596,2019-03-01,Carbohydrates 
Sugar,0.621,2020-03-01,Carbohydrates 
Sugar,0.675,2021-03-01,Carbohydrates 
Sugar,0.739,2022-03-01,Carbohydrates 
Sugar,0.88,2023-03-01,Carbohydrates 
Sugar,0.984,2024-03-01,Carbohydrates 
Sugar,0.599,2014-04-01,Carbohydrates 
Sugar,0.663,2015-04-01,Carbohydrates 
Sugar,0.655,2016-04-01,Carbohydrates 
Sugar,0.628,2017-04-01,Carbohydrates 
Sugar,0.617,2018-04-01,Carbohydrates 
Sugar,0.591,2019-04-01,Carbohydrates 
Sugar,0.64,2020-04-01,Carbohydrates 
Sugar,0.675,2021-04-01,Carbohydrates 
Sugar,0.74,2022-04-01,Carbohydrates 
Sugar,0.893,2023-04-01,Carbohydrates 
Sugar,1.006,2024-04-01,Carbohydrates 
Sugar,0.607,2014-05-01,Carbohydrates 
Sugar,0.66,2015-05-01,Carbohydrates 
Sugar,0.651,2016-05-01,Carbohydrates 
Sugar,0.647,2017-05-01,Carbohydrates 
Sugar,0.628,2018-05-01,Carbohydrates 
Sugar,0.58,2019-05-01,Carbohydrates 
Sugar,0.647,2020-05-01,Carbohydrates 
Sugar,0.675,2021-05-01,Carbohydrates 
Sugar,0.745,2022-05-01,Carbohydrates 
Sugar,0.899,2023-05-01,Carbohydrates 
Sugar,1.001,2024-05-01,Carbohydrates 
Sugar,0.61,2014-06-01,Carbohydrates 
Sugar,0.646,2015-06-01,Carbohydrates 
Sugar,0.641,2016-06-01,Carbohydrates 
Sugar,0.659,2017-06-01,Carbohydrates 
Sugar,0.629,2018-06-01,Carbohydrates 
Sugar,0.586,2019-06-01,Carbohydrates 
Sugar,0.626,2020-06-01,Carbohydrates 
Sugar,0.675,2021-06-01,Carbohydrates 
Sugar,0.765,2022-06-01,Carbohydrates 
Sugar,0.918,2023-06-01,Carbohydrates 
Sugar,1.004,2024-06-01,Carbohydrates 
Sugar,0.596,2014-07-01,Carbohydrates 
Sugar,0.656,2015-07-01,Carbohydrates 
Sugar,0.646,2016-07-01,Carbohydrates 
Sugar,0.659,2017-07-01,Carbohydrates 
Sugar,0.63,2018-07-01,Carbohydrates 
Sugar,0.589,2019-07-01,Carbohydrates 
Sugar,0.627,2020-07-01,Carbohydrates 
Sugar,0.686,2021-07-01,Carbohydrates 
Sugar,0.791,2022-07-01,Carbohydrates 
Sugar,0.932,2023-07-01,Carbohydrates 
Sugar,1.004,2024-07-01,Carbohydrates 
Sugar,0.599,2014-08-01,Carbohydrates 
Sugar,0.654,2015-08-01,Carbohydrates 
Sugar,0.653,2016-08-01,Carbohydrates 
Sugar,0.658,2017-08-01,Carbohydrates 
Sugar,0.628,2018-08-01,Carbohydrates 
Sugar,0.589,2019-08-01,Carbohydrates 
Sugar,0.629,2020-08-01,Carbohydrates 
Sugar,0.681,2021-08-01,Carbohydrates 
Sugar,0.821,2022-08-01,Carbohydrates 
Sugar,0.95,2023-08-01,Carbohydrates 
Sugar,1.004,2024-08-01,Carbohydrates 
Sugar,0.608,2014-09-01,Carbohydrates 
Sugar,0.656,2015-09-01,Carbohydrates 
Sugar,0.653,2016-09-01,Carbohydrates 
Sugar,0.67,2017-09-01,Carbohydrates 
Sugar,0.629,2018-09-01,Carbohydrates 
Sugar,0.596,2019-09-01,Carbohydrates 
Sugar,0.63,2020-09-01,Carbohydrates 
Sugar,0.688,2021-09-01,Carbohydrates 
Sugar,0.837,2022-09-01,Carbohydrates 
Sugar,0.971,2023-09-01,Carbohydrates 
Sugar,1.007,2024-09-01,Carbohydrates 
Sugar,0.616,2014-10-01,Carbohydrates 
Sugar,0.662,2015-10-01,Carbohydrates 
Sugar,0.63,2016-10-01,Carbohydrates 
Sugar,0.664,2017-10-01,Carbohydrates 
Sugar,0.602,2018-10-01,Carbohydrates 
Sugar,0.589,2019-10-01,Carbohydrates 
Sugar,0.634,2020-10-01,Carbohydrates 
Sugar,0.713,2021-10-01,Carbohydrates 
Sugar,0.846,2022-10-01,Carbohydrates 
Sugar,0.963,2023-10-01,Carbohydrates 
Sugar,1.003,2024-10-01,Carbohydrates 
Sugar,0.612,2014-11-01,Carbohydrates 
Sugar,0.641,2015-11-01,Carbohydrates 
Sugar,0.618,2016-11-01,Carbohydrates 
Sugar,0.64,2017-11-01,Carbohydrates 
Sugar,0.602,2018-11-01,Carbohydrates 
Sugar,0.589,2019-11-01,Carbohydrates 
Sugar,0.66,2020-11-01,Carbohydrates 
Sugar,0.687,2021-11-01,Carbohydrates 
Sugar,0.846,2022-11-01,Carbohydrates 
Sugar,0.958,2023-11-01,Carbohydrates 
Sugar,1,2024-11-01,Carbohydrates 
Sugar,0.614,2014-12-01,Carbohydrates 
Sugar,0.642,2015-12-01,Carbohydrates 
Sugar,0.614,2016-12-01,Carbohydrates 
Sugar,0.646,2017-12-01,Carbohydrates 
Sugar,0.573,2018-12-01,Carbohydrates 
Sugar,0.589,2019-12-01,Carbohydrates 
Sugar,0.674,2020-12-01,Carbohydrates 
Sugar,0.691,2021-12-01,Carbohydrates 
Sugar,0.844,2022-12-01,Carbohydrates 
Sugar,0.956,2023-12-01,Carbohydrates 
Sugar,0.992,2024-12-01,Carbohydrates 